Ticker,Ticker_Name,Date,Weighted_Compound_Score
SE,garena,2023-02-18,0.4351214285714286
SE,garena,2023-02-19,0.654423076923077
SE,garena,2023-02-20,0.3375333333333333
SE,garena,2023-02-21,0.0281
SE,garena,2023-02-22,0.3839285714285714
SE,garena,2023-02-23,0.069475
SE,garena,2023-02-24,0.0593
SE,garena,2023-02-25,0.08202
SE,garena,2023-02-26,-0.5169
SE,garena,2023-02-28,0.741907874015748
SE,garena,2023-03-01,-0.438575
SE,garena,2023-03-02,-0.0817085714285714
SE,garena,2023-03-03,0.872
SE,garena,2023-03-04,0.6535
SE,garena,2023-03-05,0.5563
SE,garena,2023-03-07,-0.2578923076923077
SE,garena,2023-03-08,0.4863375
SE,garena,2023-03-09,0.2258232432432433
SE,garena,2023-03-10,0.1352666666666666
SE,garena,2023-03-11,0.48748
SE,garena,2023-03-12,-0.3360588235294117
SE,garena,2023-03-13,0.3579904761904762
SE,garena,2023-03-14,-0.8885
SE,garena,2023-03-15,-0.1486
SE,garena,2023-03-16,0.1422
SE,garena,2023-03-17,0.032243448275862
SE,garena,2023-03-18,0.1951428571428571
SE,garena,2023-03-19,0.25875
SE,garena,2023-03-20,0.056575
SE,garena,2023-03-21,0.74935
SE,garena,2023-03-22,0.0007714285714285
SE,garena,2023-03-23,-0.2624368421052631
SE,garena,2023-03-24,-0.3863333333333333
SE,garena,2023-03-25,0.47118
SE,garena,2023-03-26,0.3749710843373494
SE,garena,2023-03-28,0.5411428571428571
SE,garena,2023-03-29,0.0340533333333333
SE,garena,2023-03-30,-0.3537857142857143
SE,garena,2023-03-31,0.5188666666666667
SE,garena,2023-04-01,0.2263
SE,garena,2023-04-02,0.128
SE,garena,2023-04-03,-0.30288
SE,garena,2023-04-04,0.4209333333333334
SE,garena,2023-04-05,-0.3182
SE,garena,2023-04-06,0.1181571428571428
SE,garena,2023-04-07,0.33925
SE,garena,2023-04-08,0.01414375
SE,garena,2023-04-09,-0.2036408163265306
SE,garena,2023-04-10,0.7381909090909091
SE,garena,2023-04-11,0.1447556776556776
SE,garena,2023-04-12,-0.2298199999999999
SE,garena,2023-04-13,0.1989181818181818
SE,garena,2023-04-14,0.1666666666666666
SE,garena,2023-04-15,0.470212641815235
SE,garena,2023-04-16,0.2881083333333333
SE,garena,2023-04-17,0.5806385416666666
SE,garena,2023-04-18,-0.4215
SE,garena,2023-04-19,-0.6366692307692309
SE,shopee,2023-02-18,0.3161382857142856
SE,shopee,2023-02-19,0.0538352798053527
SE,shopee,2023-02-20,0.1707203971119134
SE,shopee,2023-02-21,0.21556836461126
SE,shopee,2023-02-22,0.16866203125
SE,shopee,2023-02-23,0.1013781609195402
SE,shopee,2023-02-24,0.5097782828282829
SE,shopee,2023-02-25,0.2042908212560386
SE,shopee,2023-02-26,0.3881864674868189
SE,shopee,2023-02-27,0.5659892629663331
SE,shopee,2023-02-28,0.1994152688172043
SE,shopee,2023-03-01,-0.076944
SE,shopee,2023-03-02,0.1196641975308641
SE,shopee,2023-03-03,0.2813384615384615
SE,shopee,2023-03-04,0.445118025751073
SE,shopee,2023-03-05,0.4111771871539313
SE,shopee,2023-03-06,0.2093086269744835
SE,shopee,2023-03-07,0.1683636538461538
SE,shopee,2023-03-08,0.096743448275862
SE,shopee,2023-03-09,0.3387549800796812
SE,shopee,2023-03-10,0.1148479411764705
SE,shopee,2023-03-11,0.3438341494845361
SE,shopee,2023-03-12,0.2520453032104637
SE,shopee,2023-03-13,0.3222492163009403
SE,shopee,2023-03-14,0.2974649253731343
SE,shopee,2023-03-15,0.2198925373134328
SE,shopee,2023-03-16,0.0867424210526315
SE,shopee,2023-03-17,0.239310396039604
SE,shopee,2023-03-18,0.1419034285714285
SE,shopee,2023-03-19,0.2140356241234221
SE,shopee,2023-03-20,0.5163307216494846
SE,shopee,2023-03-21,0.1429317357512953
SE,shopee,2023-03-22,0.0684838735818476
SE,shopee,2023-03-23,0.1596407079646017
SE,shopee,2023-03-24,0.0783420273972602
SE,shopee,2023-03-25,0.354035412474849
SE,shopee,2023-03-26,0.4105884408602149
SE,shopee,2023-03-27,0.3056650224215246
SE,shopee,2023-03-28,0.3595075208913649
SE,shopee,2023-03-29,0.3064433070866142
SE,shopee,2023-03-30,0.4780517906336087
SE,shopee,2023-03-31,0.1422093143596377
SE,shopee,2023-04-01,0.0794731958762886
SE,shopee,2023-04-02,0.5559814236111111
SE,shopee,2023-04-03,0.4568434224598929
SE,shopee,2023-04-04,0.0833943181818181
SE,shopee,2023-04-05,0.2338242562929061
SE,shopee,2023-04-06,0.2394852459016393
SE,shopee,2023-04-07,-0.6715127597873368
SE,shopee,2023-04-08,0.4233961538461538
SE,shopee,2023-04-09,0.3045095435684646
SE,shopee,2023-04-10,0.2495122692725299
SE,shopee,2023-04-11,0.6367271910112361
SE,shopee,2023-04-12,0.4055045045045045
SE,shopee,2023-04-13,0.5308492656875833
SE,shopee,2023-04-14,0.5841873156342183
SE,shopee,2023-04-15,0.3448450920245398
SE,shopee,2023-04-16,0.2070830136986301
SE,shopee,2023-04-17,0.2698552123552123
SE,shopee,2023-04-18,0.1280659574468085
SE,shopee,2023-04-19,0.4938509202453988
SE,garena,2023-02-27,0.0
SE,garena,2023-03-06,0.0
SE,garena,2023-03-27,0.0
GRAB,grab,2023-02-19,0.5106
GRAB,grab,2023-02-21,0.236625
GRAB,grab,2023-02-22,-0.3181666666666666
GRAB,grab,2023-02-24,0.9272
GRAB,grab,2023-02-28,0.01375
GRAB,grab,2023-03-01,0.91
GRAB,grab,2023-03-06,0.6597
GRAB,grab,2023-03-08,0.128
GRAB,grab,2023-03-09,0.6486
GRAB,grab,2023-03-14,0.6056142857142858
GRAB,grab,2023-03-18,0.0516
GRAB,grab,2023-03-22,-0.1909
GRAB,grab,2023-03-26,0.2732
GRAB,grab,2023-03-30,-0.8126
GRAB,grab,2023-03-31,0.7783
GRAB,grab,2023-04-05,0.8442
GRAB,grab,2023-04-07,-0.5574
GRAB,grab,2023-04-09,0.7717
GRAB,grab,2023-04-10,0.2388
GRAB,grab,2023-04-17,-0.8555
GRAB,grab,2023-04-18,0.3612
GRAB,grab,2023-02-18,0.0
GRAB,grab,2023-02-20,0.0
GRAB,grab,2023-02-23,0.0
GRAB,grab,2023-02-25,0.0
GRAB,grab,2023-02-26,0.0
GRAB,grab,2023-03-02,0.0
GRAB,grab,2023-03-03,0.0
GRAB,grab,2023-03-04,0.0
GRAB,grab,2023-03-05,0.0
GRAB,grab,2023-03-07,0.0
GRAB,grab,2023-03-10,0.0
GRAB,grab,2023-03-11,0.0
GRAB,grab,2023-03-12,0.0
GRAB,grab,2023-03-13,0.0
GRAB,grab,2023-03-15,0.0
GRAB,grab,2023-03-16,0.0
GRAB,grab,2023-03-17,0.0
GRAB,grab,2023-03-19,0.0
GRAB,grab,2023-03-20,0.0
GRAB,grab,2023-03-23,0.0
GRAB,grab,2023-03-24,0.0
GRAB,grab,2023-03-25,0.0
GRAB,grab,2023-03-27,0.0
GRAB,grab,2023-03-28,0.0
GRAB,grab,2023-03-29,0.0
GRAB,grab,2023-04-01,0.0
GRAB,grab,2023-04-02,0.0
GRAB,grab,2023-04-03,0.0
GRAB,grab,2023-04-04,0.0
GRAB,grab,2023-04-06,0.0
GRAB,grab,2023-04-08,0.0
GRAB,grab,2023-04-12,0.0
GRAB,grab,2023-04-13,0.0
GRAB,grab,2023-04-14,0.0
GRAB,grab,2023-04-15,0.0
GRAB,grab,2023-04-16,0.0
GRAB,grab,2023-04-19,0.0
GRAB,grab,2023-02-27,0.4215
GRAB,grab,2023-04-11,0.4215
GRAB,grab,2023-03-21,0.296
039.SI,ocbc,2023-02-19,-0.4404
039.SI,ocbc,2023-02-23,0.7184
039.SI,ocbc,2023-02-24,0.2202
039.SI,ocbc,2023-02-25,0.5374
039.SI,ocbc,2023-02-28,0.2609999999999999
039.SI,ocbc,2023-03-02,-0.5719
039.SI,ocbc,2023-03-03,0.7845
039.SI,ocbc,2023-03-04,0.5611166666666666
039.SI,ocbc,2023-03-06,0.9413
039.SI,ocbc,2023-03-09,0.0631999999999999
039.SI,ocbc,2023-03-10,0.2266666666666666
039.SI,ocbc,2023-03-13,0.28012
039.SI,ocbc,2023-03-16,0.7351
039.SI,ocbc,2023-03-20,0.0468499999999999
039.SI,ocbc,2023-03-24,0.6908
039.SI,ocbc,2023-03-26,-0.4587999999999999
039.SI,ocbc,2023-04-02,0.246
039.SI,ocbc,2023-04-03,0.7954545454545454
039.SI,ocbc,2023-04-04,-0.296
039.SI,ocbc,2023-04-05,0.5171
039.SI,ocbc,2023-04-06,0.4110285714285714
039.SI,ocbc,2023-04-08,-0.8591
039.SI,ocbc,2023-04-10,0.1531
039.SI,ocbc,2023-04-11,-0.296
039.SI,ocbc,2023-04-14,-0.1531
039.SI,ocbc,2023-04-17,-0.8126
039.SI,ocbc,2023-02-18,0.0
039.SI,ocbc,2023-02-20,0.0
039.SI,ocbc,2023-02-21,0.0
039.SI,ocbc,2023-02-22,0.0
039.SI,ocbc,2023-02-26,0.0
039.SI,ocbc,2023-02-27,0.0
039.SI,ocbc,2023-03-01,0.0
039.SI,ocbc,2023-03-05,0.0
039.SI,ocbc,2023-03-07,0.0
039.SI,ocbc,2023-03-08,0.0
039.SI,ocbc,2023-03-11,0.0
039.SI,ocbc,2023-03-12,0.0
039.SI,ocbc,2023-03-14,0.0
039.SI,ocbc,2023-03-15,0.0
039.SI,ocbc,2023-03-17,0.0
039.SI,ocbc,2023-03-18,0.0
039.SI,ocbc,2023-03-19,0.0
039.SI,ocbc,2023-03-21,0.0
039.SI,ocbc,2023-03-23,0.0
039.SI,ocbc,2023-03-25,0.0
039.SI,ocbc,2023-03-27,0.0
039.SI,ocbc,2023-03-28,0.0
039.SI,ocbc,2023-03-29,0.0
039.SI,ocbc,2023-03-30,0.0
039.SI,ocbc,2023-03-31,0.0
039.SI,ocbc,2023-04-07,0.0
039.SI,ocbc,2023-04-09,0.0
039.SI,ocbc,2023-04-12,0.0
039.SI,ocbc,2023-04-13,0.0
039.SI,ocbc,2023-04-15,0.0
039.SI,ocbc,2023-04-16,0.0
039.SI,ocbc,2023-04-18,0.0
039.SI,ocbc,2023-04-19,0.0
039.SI,ocbc,2023-03-22,0.6369
039.SI,ocbc,2023-04-01,0.6369
BN4.SI,keppel,2023-02-18,0.0758285714285714
BN4.SI,keppel,2023-02-19,0.1789058823529411
BN4.SI,keppel,2023-02-20,0.6698521739130435
BN4.SI,keppel,2023-02-21,0.7351
BN4.SI,keppel,2023-02-23,0.4519727272727273
BN4.SI,keppel,2023-02-24,0.56985
BN4.SI,keppel,2023-02-25,0.0258
BN4.SI,keppel,2023-02-27,0.5497090909090909
BN4.SI,keppel,2023-02-28,0.2628857142857143
BN4.SI,keppel,2023-03-01,0.6124
BN4.SI,keppel,2023-03-02,-0.0211142857142857
BN4.SI,keppel,2023-03-03,0.0618043478260869
BN4.SI,keppel,2023-03-04,0.4081347826086957
BN4.SI,keppel,2023-03-05,0.221045
BN4.SI,keppel,2023-03-06,0.4783999999999999
BN4.SI,keppel,2023-03-09,0.5550111111111111
BN4.SI,keppel,2023-03-10,0.2581571428571428
BN4.SI,keppel,2023-03-11,0.5277333333333333
BN4.SI,keppel,2023-03-14,-0.2263
BN4.SI,keppel,2023-03-15,0.3358285714285714
BN4.SI,keppel,2023-03-16,0.7351
BN4.SI,keppel,2023-03-17,0.2872647058823529
BN4.SI,keppel,2023-03-18,0.6425833333333334
BN4.SI,keppel,2023-03-19,-0.0037888888888888
BN4.SI,keppel,2023-03-20,0.7290333333333333
BN4.SI,keppel,2023-03-21,0.6824
BN4.SI,keppel,2023-03-22,0.68708
BN4.SI,keppel,2023-03-23,0.2308
BN4.SI,keppel,2023-03-24,0.31245
BN4.SI,keppel,2023-03-25,0.7624195121951219
BN4.SI,keppel,2023-03-26,0.60675
BN4.SI,keppel,2023-03-27,0.5851884615384615
BN4.SI,keppel,2023-03-28,0.3555538461538461
BN4.SI,keppel,2023-03-29,0.8699
BN4.SI,keppel,2023-03-30,0.42955
BN4.SI,keppel,2023-03-31,-0.0109
BN4.SI,keppel,2023-04-01,0.57115
BN4.SI,keppel,2023-04-03,0.32985
BN4.SI,keppel,2023-04-05,0.5470375000000001
BN4.SI,keppel,2023-04-06,-0.04068
BN4.SI,keppel,2023-04-07,0.0243437499999999
BN4.SI,keppel,2023-04-08,-0.0568888888888888
BN4.SI,keppel,2023-04-09,0.1123142857142857
BN4.SI,keppel,2023-04-10,0.1460363636363636
BN4.SI,keppel,2023-04-11,0.0208749999999999
BN4.SI,keppel,2023-04-12,0.1750727272727272
BN4.SI,keppel,2023-04-13,0.0663
BN4.SI,keppel,2023-04-14,0.069992
BN4.SI,keppel,2023-04-15,-0.0341799999999999
BN4.SI,keppel,2023-04-16,0.0176333333333333
BN4.SI,keppel,2023-04-17,0.0634333333333333
BN4.SI,keppel,2023-04-18,-0.1199125
BN4.SI,keppel,2023-04-19,-0.1604049999999999
BN4.SI,keppel,2023-02-22,0.0
BN4.SI,keppel,2023-02-26,0.0
BN4.SI,keppel,2023-03-07,0.0
BN4.SI,keppel,2023-03-08,0.0
BN4.SI,keppel,2023-03-12,0.0
BN4.SI,keppel,2023-03-13,0.0
BN4.SI,keppel,2023-04-02,0.0
BN4.SI,keppel,2023-04-04,0.0
C07.SI,jardine,2023-02-18,-0.1632461538461538
C07.SI,jardine,2023-02-19,-0.0658631578947368
C07.SI,jardine,2023-02-20,0.20425
C07.SI,jardine,2023-02-21,0.5918749999999999
C07.SI,jardine,2023-02-22,0.6799321839080461
C07.SI,jardine,2023-02-23,0.3960916666666667
C07.SI,jardine,2023-02-24,0.3737333333333333
C07.SI,jardine,2023-02-25,0.5933750000000001
C07.SI,jardine,2023-02-26,-0.0756315789473684
C07.SI,jardine,2023-02-27,0.54162
C07.SI,jardine,2023-02-28,0.8644000000000001
C07.SI,jardine,2023-03-01,0.6111739130434782
C07.SI,jardine,2023-03-02,0.4864630434782608
C07.SI,jardine,2023-03-03,0.0127008474576271
C07.SI,jardine,2023-03-04,0.8914794117647058
C07.SI,jardine,2023-03-05,-0.11132
C07.SI,jardine,2023-03-06,0.5267755102040816
C07.SI,jardine,2023-03-07,-0.21075
C07.SI,jardine,2023-03-08,-0.5262230769230768
C07.SI,jardine,2023-03-09,0.8424000000000001
C07.SI,jardine,2023-03-10,0.4564999999999999
C07.SI,jardine,2023-03-11,0.128484
C07.SI,jardine,2023-03-12,-0.0624564516129032
C07.SI,jardine,2023-03-13,0.6900071428571428
C07.SI,jardine,2023-03-14,0.3468520134228187
C07.SI,jardine,2023-03-15,0.180328125
C07.SI,jardine,2023-03-16,0.419447619047619
C07.SI,jardine,2023-03-17,0.1828869565217391
C07.SI,jardine,2023-03-19,0.4553321428571429
C07.SI,jardine,2023-03-21,0.5702787234042552
C07.SI,jardine,2023-03-22,0.895868085106383
C07.SI,jardine,2023-03-23,-0.3556875
C07.SI,jardine,2023-03-24,0.5207166666666666
C07.SI,jardine,2023-03-25,0.6597
C07.SI,jardine,2023-03-26,0.3906558823529412
C07.SI,jardine,2023-03-27,0.136376923076923
C07.SI,jardine,2023-03-28,-0.3182
C07.SI,jardine,2023-03-29,0.5044000000000001
C07.SI,jardine,2023-03-30,-0.1987090909090909
C07.SI,jardine,2023-03-31,0.4581125
C07.SI,jardine,2023-04-01,0.7184
C07.SI,jardine,2023-04-03,0.6441731707317072
C07.SI,jardine,2023-04-04,0.2936
C07.SI,jardine,2023-04-05,0.8481000000000001
C07.SI,jardine,2023-04-06,-0.1430333333333333
C07.SI,jardine,2023-04-07,0.5068571428571429
C07.SI,jardine,2023-04-08,0.080028
C07.SI,jardine,2023-04-09,0.0037870967741935
C07.SI,jardine,2023-04-10,-0.0960415143603133
C07.SI,jardine,2023-04-11,0.4671881188118813
C07.SI,jardine,2023-04-12,0.31329375
C07.SI,jardine,2023-04-13,0.4536878787878788
C07.SI,jardine,2023-04-14,0.3352909090909091
C07.SI,jardine,2023-04-15,0.4584763440860214
C07.SI,jardine,2023-04-16,0.2311082352941176
C07.SI,jardine,2023-04-17,0.287
C07.SI,jardine,2023-04-18,0.02732
C07.SI,jardine,2023-04-19,0.1413962962962963
C07.SI,jardine,2023-03-20,0.0
C07.SI,jardine,2023-04-02,0.0
C07.SI,jardine,2023-03-18,0.4215
C6L.SI,singapore airlines,2023-02-18,0.08058
C6L.SI,singapore airlines,2023-02-19,-0.0484875
C6L.SI,singapore airlines,2023-02-20,-0.045890909090909
C6L.SI,singapore airlines,2023-02-21,0.3754474226804124
C6L.SI,singapore airlines,2023-02-22,0.0322151515151515
C6L.SI,singapore airlines,2023-02-23,-0.1095904761904761
C6L.SI,singapore airlines,2023-02-24,-0.1142243243243243
C6L.SI,singapore airlines,2023-02-25,0.1082928571428571
C6L.SI,singapore airlines,2023-02-26,-0.1362727272727273
C6L.SI,singapore airlines,2023-02-27,-0.2101722222222222
C6L.SI,singapore airlines,2023-02-28,-0.1372363636363636
C6L.SI,singapore airlines,2023-03-01,0.2111761904761905
C6L.SI,singapore airlines,2023-03-02,0.3608924812030075
C6L.SI,singapore airlines,2023-03-03,-0.0263478260869565
C6L.SI,singapore airlines,2023-03-04,0.0093237288135593
C6L.SI,singapore airlines,2023-03-05,-0.16832
C6L.SI,singapore airlines,2023-03-06,-0.0908399999999999
C6L.SI,singapore airlines,2023-03-07,0.1892021276595744
C6L.SI,singapore airlines,2023-03-08,0.0572307692307692
C6L.SI,singapore airlines,2023-03-09,-0.0099254901960784
C6L.SI,singapore airlines,2023-03-10,-0.1686345930232558
C6L.SI,singapore airlines,2023-03-11,-0.1706
C6L.SI,singapore airlines,2023-03-12,-0.1124892307692307
C6L.SI,singapore airlines,2023-03-13,-0.0924113636363636
C6L.SI,singapore airlines,2023-03-14,0.12356
C6L.SI,singapore airlines,2023-03-15,0.1803904761904761
C6L.SI,singapore airlines,2023-03-16,-0.3935652173913044
C6L.SI,singapore airlines,2023-03-17,0.0343846153846154
C6L.SI,singapore airlines,2023-03-18,-0.0717947368421052
C6L.SI,singapore airlines,2023-03-19,0.0604633333333333
C6L.SI,singapore airlines,2023-03-20,-0.1600875
C6L.SI,singapore airlines,2023-03-21,-0.01325
C6L.SI,singapore airlines,2023-03-22,-0.0857538461538461
C6L.SI,singapore airlines,2023-03-23,0.2196096153846153
C6L.SI,singapore airlines,2023-03-24,-0.0003828358208955
C6L.SI,singapore airlines,2023-03-25,-0.041325
C6L.SI,singapore airlines,2023-03-26,-0.1298642857142857
C6L.SI,singapore airlines,2023-03-27,-0.0308353846153846
C6L.SI,singapore airlines,2023-03-28,0.0552347826086956
C6L.SI,singapore airlines,2023-03-29,-0.2593688405797101
C6L.SI,singapore airlines,2023-03-30,-0.2167235294117647
C6L.SI,singapore airlines,2023-03-31,0.2519423076923077
C6L.SI,singapore airlines,2023-04-01,0.7010102380952383
C6L.SI,singapore airlines,2023-04-02,-0.00705
C6L.SI,singapore airlines,2023-04-03,-0.0214830188679245
C6L.SI,singapore airlines,2023-04-04,0.0298133333333333
C6L.SI,singapore airlines,2023-04-05,-0.3330334319526627
C6L.SI,singapore airlines,2023-04-06,-0.3531010233918129
C6L.SI,singapore airlines,2023-04-07,-0.1698
C6L.SI,singapore airlines,2023-04-08,-0.0110230769230769
C6L.SI,singapore airlines,2023-04-09,0.5432941176470588
C6L.SI,singapore airlines,2023-04-10,-0.1009818181818181
C6L.SI,singapore airlines,2023-04-11,-0.0043093457943925
C6L.SI,singapore airlines,2023-04-12,-0.1608285714285714
C6L.SI,singapore airlines,2023-04-13,0.0088199999999999
C6L.SI,singapore airlines,2023-04-14,0.1265571428571428
C6L.SI,singapore airlines,2023-04-15,-0.1854727272727272
C6L.SI,singapore airlines,2023-04-16,-0.1427142857142857
C6L.SI,singapore airlines,2023-04-17,-0.6479712301587303
C6L.SI,singapore airlines,2023-04-18,-0.4667407407407407
C6L.SI,singapore airlines,2023-04-19,0.2518537299338999
F34.SI,wilmar,2023-02-18,0.2430526315789473
F34.SI,wilmar,2023-02-19,0.6559274725274726
F34.SI,wilmar,2023-02-20,0.8408443037974683
F34.SI,wilmar,2023-02-21,0.8651125
F34.SI,wilmar,2023-02-22,0.032292156862745
F34.SI,wilmar,2023-02-23,0.6878555555555557
F34.SI,wilmar,2023-02-24,0.246860975609756
F34.SI,wilmar,2023-02-25,0.4963
F34.SI,wilmar,2023-02-26,0.7622875
F34.SI,wilmar,2023-02-27,0.4209109662122109
F34.SI,wilmar,2023-02-28,-0.2502025031289111
F34.SI,wilmar,2023-03-01,0.3301243902439025
F34.SI,wilmar,2023-03-02,0.2023
F34.SI,wilmar,2023-03-03,0.432
F34.SI,wilmar,2023-03-05,0.6575
F34.SI,wilmar,2023-03-06,0.6616799999999999
F34.SI,wilmar,2023-03-07,0.7578999999999999
F34.SI,wilmar,2023-03-08,-0.0054725806451612
F34.SI,wilmar,2023-03-09,0.0548438461538461
F34.SI,wilmar,2023-03-10,0.2023
F34.SI,wilmar,2023-03-12,0.4238
F34.SI,wilmar,2023-03-13,0.7008500000000001
F34.SI,wilmar,2023-03-14,0.2021117647058823
F34.SI,wilmar,2023-03-15,0.3902848484848484
F34.SI,wilmar,2023-03-16,0.7291923076923077
F34.SI,wilmar,2023-03-19,0.2344333333333333
F34.SI,wilmar,2023-03-20,0.4741
F34.SI,wilmar,2023-03-21,0.1877857142857143
F34.SI,wilmar,2023-03-23,0.4939
F34.SI,wilmar,2023-03-26,0.7853
F34.SI,wilmar,2023-03-27,0.0933777777777778
F34.SI,wilmar,2023-03-28,0.7845
F34.SI,wilmar,2023-03-29,-0.0972374999999999
F34.SI,wilmar,2023-03-30,-0.34
F34.SI,wilmar,2023-03-31,0.2869
F34.SI,wilmar,2023-04-01,0.5106
F34.SI,wilmar,2023-04-02,0.61855
F34.SI,wilmar,2023-04-03,0.9061666666666666
F34.SI,wilmar,2023-04-04,0.5446545454545454
F34.SI,wilmar,2023-04-05,0.3135411764705882
F34.SI,wilmar,2023-04-06,0.3584888888888888
F34.SI,wilmar,2023-04-07,0.593475
F34.SI,wilmar,2023-04-08,0.1916
F34.SI,wilmar,2023-04-09,0.5719
F34.SI,wilmar,2023-04-10,-0.1010666666666666
F34.SI,wilmar,2023-04-11,-0.4731571428571428
F34.SI,wilmar,2023-04-12,0.6635944444444444
F34.SI,wilmar,2023-04-13,-0.2139199999999999
F34.SI,wilmar,2023-04-14,0.3340749999999999
F34.SI,wilmar,2023-04-15,0.5114
F34.SI,wilmar,2023-04-16,0.6435571428571428
F34.SI,wilmar,2023-04-17,0.7845
F34.SI,wilmar,2023-04-18,-0.8442
F34.SI,wilmar,2023-04-19,-0.0133578703703703
F34.SI,wilmar,2023-03-04,0.0
F34.SI,wilmar,2023-03-11,0.0
F34.SI,wilmar,2023-03-17,0.0
F34.SI,wilmar,2023-03-18,0.0
F34.SI,wilmar,2023-03-22,0.0
F34.SI,wilmar,2023-03-24,0.0
F34.SI,wilmar,2023-03-25,0.0
G07.SI,great eastern,2023-02-18,0.793625
G07.SI,great eastern,2023-02-19,0.1651333333333333
G07.SI,great eastern,2023-02-20,0.0295999999999999
G07.SI,great eastern,2023-02-21,0.58785
G07.SI,great eastern,2023-02-22,0.61155
G07.SI,great eastern,2023-02-23,0.802083185840708
G07.SI,great eastern,2023-02-24,0.68528
G07.SI,great eastern,2023-02-25,-0.3060648044692738
G07.SI,great eastern,2023-02-27,0.6744553571428572
G07.SI,great eastern,2023-02-28,0.7306571428571428
G07.SI,great eastern,2023-03-01,0.7482
G07.SI,great eastern,2023-03-02,0.7972666666666667
G07.SI,great eastern,2023-03-04,0.6325384615384616
G07.SI,great eastern,2023-03-05,0.57885
G07.SI,great eastern,2023-03-06,0.8526722222222222
G07.SI,great eastern,2023-03-09,0.6909416666666665
G07.SI,great eastern,2023-03-10,0.558315
G07.SI,great eastern,2023-03-11,0.8481944444444444
G07.SI,great eastern,2023-03-12,0.741621818181818
G07.SI,great eastern,2023-03-13,0.5735370370370371
G07.SI,great eastern,2023-03-14,0.2560676056338028
G07.SI,great eastern,2023-03-15,0.69146
G07.SI,great eastern,2023-03-16,0.7192571428571428
G07.SI,great eastern,2023-03-17,0.950239393939394
G07.SI,great eastern,2023-03-18,0.6054863636363635
G07.SI,great eastern,2023-03-19,-0.24716
G07.SI,great eastern,2023-03-20,0.5076947368421053
G07.SI,great eastern,2023-03-21,0.7834
G07.SI,great eastern,2023-03-22,0.67088
G07.SI,great eastern,2023-03-23,0.7108857142857143
G07.SI,great eastern,2023-03-24,0.8393333333333333
G07.SI,great eastern,2023-03-25,0.70795
G07.SI,great eastern,2023-03-26,0.36105
G07.SI,great eastern,2023-03-27,0.7131000000000001
G07.SI,great eastern,2023-03-28,0.5870333333333334
G07.SI,great eastern,2023-03-29,0.7114750000000001
G07.SI,great eastern,2023-03-30,0.68629
G07.SI,great eastern,2023-03-31,0.8003
G07.SI,great eastern,2023-04-01,0.401275
G07.SI,great eastern,2023-04-02,0.6600774193548387
G07.SI,great eastern,2023-04-03,0.7859583333333333
G07.SI,great eastern,2023-04-04,0.79358
G07.SI,great eastern,2023-04-05,0.8408833333333333
G07.SI,great eastern,2023-04-06,0.78825
G07.SI,great eastern,2023-04-07,0.7822499999999999
G07.SI,great eastern,2023-04-08,0.8543966101694916
G07.SI,great eastern,2023-04-09,0.6513285714285715
G07.SI,great eastern,2023-04-10,0.6258982142857142
G07.SI,great eastern,2023-04-12,0.1924
G07.SI,great eastern,2023-04-13,0.714825
G07.SI,great eastern,2023-04-14,0.6352173803526449
G07.SI,great eastern,2023-04-15,0.0232
G07.SI,great eastern,2023-04-16,0.41722
G07.SI,great eastern,2023-04-17,0.7736393939393938
G07.SI,great eastern,2023-04-18,0.4588
G07.SI,great eastern,2023-04-19,0.4602199999999999
G07.SI,great eastern,2023-02-26,0.6808
G07.SI,great eastern,2023-03-03,0.6808
G07.SI,great eastern,2023-03-07,0.6808
G07.SI,great eastern,2023-03-08,0.6808
G07.SI,great eastern,2023-04-11,0.6808
G13.SI,genting,2023-02-18,0.5859
G13.SI,genting,2023-02-19,0.478575
G13.SI,genting,2023-02-20,0.3318666666666667
G13.SI,genting,2023-02-21,0.3597134615384615
G13.SI,genting,2023-02-22,-0.0157642857142857
G13.SI,genting,2023-02-23,0.65775
G13.SI,genting,2023-02-24,0.3245999999999999
G13.SI,genting,2023-02-25,0.3943299999999999
G13.SI,genting,2023-02-26,0.3002064516129032
G13.SI,genting,2023-02-27,0.3993461538461538
G13.SI,genting,2023-02-28,0.6493000000000001
G13.SI,genting,2023-03-01,0.35105
G13.SI,genting,2023-03-02,0.0607111111111111
G13.SI,genting,2023-03-03,0.0832499999999999
G13.SI,genting,2023-03-05,-0.1079
G13.SI,genting,2023-03-06,-0.0264666666666666
G13.SI,genting,2023-03-08,-0.1298
G13.SI,genting,2023-03-09,0.2917285714285714
G13.SI,genting,2023-03-10,0.7713480726187516
G13.SI,genting,2023-03-11,0.2800344827586207
G13.SI,genting,2023-03-12,-0.4137179487179486
G13.SI,genting,2023-03-13,0.1171799999999999
G13.SI,genting,2023-03-14,0.8548272727272728
G13.SI,genting,2023-03-15,0.4368
G13.SI,genting,2023-03-16,0.41788
G13.SI,genting,2023-03-17,0.0408206896551724
G13.SI,genting,2023-03-20,-0.23835
G13.SI,genting,2023-03-21,-0.4305666666666667
G13.SI,genting,2023-03-22,-0.2918666666666666
G13.SI,genting,2023-03-24,0.2529
G13.SI,genting,2023-03-26,0.1772459558823529
G13.SI,genting,2023-03-27,0.0941416666666666
G13.SI,genting,2023-03-28,0.8853148148148149
G13.SI,genting,2023-03-29,0.0174333333333333
G13.SI,genting,2023-03-30,-0.20095
G13.SI,genting,2023-03-31,0.2847
G13.SI,genting,2023-04-01,0.4457
G13.SI,genting,2023-04-02,0.5113363636363636
G13.SI,genting,2023-04-03,0.3769714285714285
G13.SI,genting,2023-04-04,0.2030285714285714
G13.SI,genting,2023-04-07,0.0575142857142857
G13.SI,genting,2023-04-08,0.4588
G13.SI,genting,2023-04-09,0.2274214285714285
G13.SI,genting,2023-04-10,0.7218636363636363
G13.SI,genting,2023-04-11,0.0196333333333333
G13.SI,genting,2023-04-12,-0.4767
G13.SI,genting,2023-04-14,0.7316333333333334
G13.SI,genting,2023-04-15,0.4992639999999999
G13.SI,genting,2023-04-16,-0.0734999999999999
G13.SI,genting,2023-04-17,-0.079909375
G13.SI,genting,2023-04-18,-0.0699764705882352
G13.SI,genting,2023-04-19,-0.0693555555555555
G13.SI,genting,2023-03-04,0.0
G13.SI,genting,2023-03-07,0.0
G13.SI,genting,2023-03-18,0.0
G13.SI,genting,2023-03-19,0.0
G13.SI,genting,2023-03-23,0.0
G13.SI,genting,2023-03-25,0.0
G13.SI,genting,2023-04-06,0.0
G13.SI,genting,2023-04-13,0.0
G13.SI,genting,2023-04-05,0.4215
S63.SI,st engineering,2023-03-04,-0.0772
S63.SI,st engineering,2023-03-08,0.8779
S63.SI,st engineering,2023-03-24,0.9214
S63.SI,st engineering,2023-04-03,0.0516
S63.SI,st engineering,2023-04-11,0.5501
S63.SI,st engineering,2023-04-13,0.8316
S63.SI,st engineering,2023-04-14,0.8885
S63.SI,st engineering,2023-04-17,0.7856272727272727
S63.SI,st engineering,2023-04-19,0.6002500000000001
S63.SI,st engineering,2023-02-18,0.0
S63.SI,st engineering,2023-02-19,0.0
S63.SI,st engineering,2023-02-20,0.0
S63.SI,st engineering,2023-02-21,0.0
S63.SI,st engineering,2023-02-24,0.0
S63.SI,st engineering,2023-02-25,0.0
S63.SI,st engineering,2023-02-27,0.0
S63.SI,st engineering,2023-02-28,0.0
S63.SI,st engineering,2023-03-01,0.0
S63.SI,st engineering,2023-03-02,0.0
S63.SI,st engineering,2023-03-03,0.0
S63.SI,st engineering,2023-03-05,0.0
S63.SI,st engineering,2023-03-06,0.0
S63.SI,st engineering,2023-03-07,0.0
S63.SI,st engineering,2023-03-09,0.0
S63.SI,st engineering,2023-03-10,0.0
S63.SI,st engineering,2023-03-11,0.0
S63.SI,st engineering,2023-03-12,0.0
S63.SI,st engineering,2023-03-13,0.0
S63.SI,st engineering,2023-03-15,0.0
S63.SI,st engineering,2023-03-16,0.0
S63.SI,st engineering,2023-03-17,0.0
S63.SI,st engineering,2023-03-18,0.0
S63.SI,st engineering,2023-03-19,0.0
S63.SI,st engineering,2023-03-20,0.0
S63.SI,st engineering,2023-03-21,0.0
S63.SI,st engineering,2023-03-22,0.0
S63.SI,st engineering,2023-03-23,0.0
S63.SI,st engineering,2023-03-25,0.0
S63.SI,st engineering,2023-03-26,0.0
S63.SI,st engineering,2023-03-27,0.0
S63.SI,st engineering,2023-03-28,0.0
S63.SI,st engineering,2023-03-29,0.0
S63.SI,st engineering,2023-03-30,0.0
S63.SI,st engineering,2023-03-31,0.0
S63.SI,st engineering,2023-04-01,0.0
S63.SI,st engineering,2023-04-02,0.0
S63.SI,st engineering,2023-04-04,0.0
S63.SI,st engineering,2023-04-05,0.0
S63.SI,st engineering,2023-04-06,0.0
S63.SI,st engineering,2023-04-07,0.0
S63.SI,st engineering,2023-04-08,0.0
S63.SI,st engineering,2023-04-09,0.0
S63.SI,st engineering,2023-04-10,0.0
S63.SI,st engineering,2023-04-12,0.0
S63.SI,st engineering,2023-04-15,0.0
S63.SI,st engineering,2023-04-16,0.0
S63.SI,st engineering,2023-04-18,0.0
S63.SI,st engineering,2023-02-22,0.6369
S63.SI,st engineering,2023-02-26,0.4215
S63.SI,st engineering,2023-03-14,0.4215
S63.SI,st engineering,2023-02-23,0.296
U11.SI,uob,2023-02-18,0.139095
U11.SI,uob,2023-02-19,0.3721933333333334
U11.SI,uob,2023-02-20,0.4518303370786516
U11.SI,uob,2023-02-21,0.4146823170731707
U11.SI,uob,2023-02-22,0.466861956521739
U11.SI,uob,2023-02-23,0.3583382352941177
U11.SI,uob,2023-02-24,0.5854623376623377
U11.SI,uob,2023-02-25,0.656645652173913
U11.SI,uob,2023-02-26,0.3022453781512605
U11.SI,uob,2023-02-27,0.0321544850498338
U11.SI,uob,2023-02-28,0.3867696335078533
U11.SI,uob,2023-03-01,0.5591241935483872
U11.SI,uob,2023-03-02,0.6083523489932885
U11.SI,uob,2023-03-03,0.4570763636363636
U11.SI,uob,2023-03-04,0.0764666666666666
U11.SI,uob,2023-03-05,-0.4167599999999999
U11.SI,uob,2023-03-06,0.3164169999999999
U11.SI,uob,2023-03-07,0.5028797297297297
U11.SI,uob,2023-03-08,0.4089441441441441
U11.SI,uob,2023-03-09,0.625374025974026
U11.SI,uob,2023-03-10,0.3346499999999999
U11.SI,uob,2023-03-11,-0.2405249999999999
U11.SI,uob,2023-03-12,-0.4591888888888888
U11.SI,uob,2023-03-13,0.3237895161290323
U11.SI,uob,2023-03-14,0.7126983050847457
U11.SI,uob,2023-03-15,0.4633770114942528
U11.SI,uob,2023-03-16,0.4870286764705883
U11.SI,uob,2023-03-17,0.4002636363636364
U11.SI,uob,2023-03-18,0.603875
U11.SI,uob,2023-03-19,0.8038461538461538
U11.SI,uob,2023-03-20,0.4142766129032258
U11.SI,uob,2023-03-21,0.4803698630136987
U11.SI,uob,2023-03-22,0.5200669724770642
U11.SI,uob,2023-03-23,0.460390909090909
U11.SI,uob,2023-03-24,0.6013655913978495
U11.SI,uob,2023-03-25,0.8880382352941176
U11.SI,uob,2023-03-26,0.8152484848484849
U11.SI,uob,2023-03-27,0.2727939393939394
U11.SI,uob,2023-03-28,0.1737880281690141
U11.SI,uob,2023-03-29,0.3747009259259259
U11.SI,uob,2023-03-30,0.2924305555555555
U11.SI,uob,2023-03-31,0.2971686098654709
U11.SI,uob,2023-04-01,-0.2823529411764706
U11.SI,uob,2023-04-02,0.2316548387096774
U11.SI,uob,2023-04-03,0.0947566101694915
U11.SI,uob,2023-04-04,0.6208834285714285
U11.SI,uob,2023-04-05,0.533526455026455
U11.SI,uob,2023-04-06,0.6197695652173912
U11.SI,uob,2023-04-07,0.6857454545454545
U11.SI,uob,2023-04-08,0.4939
U11.SI,uob,2023-04-09,0.6471333333333333
U11.SI,uob,2023-04-11,0.10435
U11.SI,uob,2023-04-12,0.6346095238095238
U11.SI,uob,2023-04-13,0.4768044444444445
U11.SI,uob,2023-04-14,0.5619275229357797
U11.SI,uob,2023-04-15,-0.2059493368700265
U11.SI,uob,2023-04-16,-0.0628649999999999
U11.SI,uob,2023-04-17,0.141491304347826
U11.SI,uob,2023-04-18,0.16598125
U11.SI,uob,2023-04-19,0.405521568627451
U11.SI,uob,2023-04-10,0.6808
Z74.SI,singtel,2023-02-19,-0.0163399999999999
Z74.SI,singtel,2023-02-21,0.5501400000000001
Z74.SI,singtel,2023-02-23,-0.074225
Z74.SI,singtel,2023-02-24,-0.3906
Z74.SI,singtel,2023-02-25,-0.5364
Z74.SI,singtel,2023-02-27,0.2696287581699346
Z74.SI,singtel,2023-02-28,0.1236384615384615
Z74.SI,singtel,2023-03-01,0.4718
Z74.SI,singtel,2023-03-02,-0.5106
Z74.SI,singtel,2023-03-03,0.0247999999999999
Z74.SI,singtel,2023-03-04,-0.4588
Z74.SI,singtel,2023-03-06,0.4019
Z74.SI,singtel,2023-03-07,0.1139
Z74.SI,singtel,2023-03-08,-0.0901090909090909
Z74.SI,singtel,2023-03-09,0.01176
Z74.SI,singtel,2023-03-10,-0.0974588235294117
Z74.SI,singtel,2023-03-15,-0.1622166666666667
Z74.SI,singtel,2023-03-16,0.3120444444444444
Z74.SI,singtel,2023-03-17,-0.3612
Z74.SI,singtel,2023-03-18,0.0419333333333333
Z74.SI,singtel,2023-03-22,-0.41805
Z74.SI,singtel,2023-03-24,0.0516
Z74.SI,singtel,2023-03-28,0.28635
Z74.SI,singtel,2023-03-29,-0.8176
Z74.SI,singtel,2023-03-30,0.12525
Z74.SI,singtel,2023-04-01,-0.2936
Z74.SI,singtel,2023-04-03,0.2202
Z74.SI,singtel,2023-04-05,0.0752699999999999
Z74.SI,singtel,2023-04-06,0.3178
Z74.SI,singtel,2023-04-09,0.967
Z74.SI,singtel,2023-04-10,0.0078857142857143
Z74.SI,singtel,2023-04-11,-0.2576875
Z74.SI,singtel,2023-04-12,-0.0895
Z74.SI,singtel,2023-04-13,-0.4767
Z74.SI,singtel,2023-04-16,0.4939
Z74.SI,singtel,2023-04-17,0.7579
Z74.SI,singtel,2023-04-18,0.872
Z74.SI,singtel,2023-02-18,0.0
Z74.SI,singtel,2023-02-20,0.0
Z74.SI,singtel,2023-02-22,0.0
Z74.SI,singtel,2023-02-26,0.0
Z74.SI,singtel,2023-03-05,0.0
Z74.SI,singtel,2023-03-11,0.0
Z74.SI,singtel,2023-03-12,0.0
Z74.SI,singtel,2023-03-14,0.0
Z74.SI,singtel,2023-03-19,0.0
Z74.SI,singtel,2023-03-20,0.0
Z74.SI,singtel,2023-03-21,0.0
Z74.SI,singtel,2023-03-23,0.0
Z74.SI,singtel,2023-03-25,0.0
Z74.SI,singtel,2023-03-26,0.0
Z74.SI,singtel,2023-03-27,0.0
Z74.SI,singtel,2023-03-31,0.0
Z74.SI,singtel,2023-04-02,0.0
Z74.SI,singtel,2023-04-04,0.0
Z74.SI,singtel,2023-04-07,0.0
Z74.SI,singtel,2023-04-08,0.0
Z74.SI,singtel,2023-04-14,0.0
Z74.SI,singtel,2023-04-15,0.0
Z74.SI,singtel,2023-04-19,0.0
Z74.SI,singtel,2023-03-13,0.296
d05.SI,dbs,2023-02-18,0.6862
d05.SI,dbs,2023-02-19,0.7269
d05.SI,dbs,2023-02-20,-0.0531
d05.SI,dbs,2023-02-21,0.1109586956521739
d05.SI,dbs,2023-02-22,0.1204
d05.SI,dbs,2023-02-23,0.1027
d05.SI,dbs,2023-02-24,0.33525
d05.SI,dbs,2023-02-25,0.26208
d05.SI,dbs,2023-02-26,0.3883
d05.SI,dbs,2023-02-27,0.0684666666666666
d05.SI,dbs,2023-02-28,0.0602846153846153
d05.SI,dbs,2023-03-01,0.4903272727272726
d05.SI,dbs,2023-03-02,0.0585142857142857
d05.SI,dbs,2023-03-04,-0.7701783068783069
d05.SI,dbs,2023-03-07,0.4019
d05.SI,dbs,2023-03-08,0.4857666666666667
d05.SI,dbs,2023-03-10,0.4766699999999999
d05.SI,dbs,2023-03-11,0.332
d05.SI,dbs,2023-03-13,0.1126888888888888
d05.SI,dbs,2023-03-14,-0.6708333333333334
d05.SI,dbs,2023-03-15,0.566925
d05.SI,dbs,2023-03-16,-0.2016636363636363
d05.SI,dbs,2023-03-17,-0.2102333333333333
d05.SI,dbs,2023-03-18,0.1086999999999999
d05.SI,dbs,2023-03-21,0.4300666666666666
d05.SI,dbs,2023-03-22,0.3299
d05.SI,dbs,2023-03-23,0.7121181818181818
d05.SI,dbs,2023-03-24,0.802
d05.SI,dbs,2023-03-26,-0.77228
d05.SI,dbs,2023-03-27,-0.1120333333333333
d05.SI,dbs,2023-03-29,0.3182
d05.SI,dbs,2023-03-30,-0.0500599999999999
d05.SI,dbs,2023-03-31,0.6612000000000001
d05.SI,dbs,2023-04-03,-0.2732
d05.SI,dbs,2023-04-04,0.4240875
d05.SI,dbs,2023-04-05,-0.076
d05.SI,dbs,2023-04-06,-0.1785071428571429
d05.SI,dbs,2023-04-09,0.6249
d05.SI,dbs,2023-04-10,0.7579
d05.SI,dbs,2023-04-11,-0.296
d05.SI,dbs,2023-04-12,-0.4767
d05.SI,dbs,2023-04-13,-0.6369
d05.SI,dbs,2023-04-14,0.54985
d05.SI,dbs,2023-04-15,0.4477
d05.SI,dbs,2023-04-16,0.8555
d05.SI,dbs,2023-04-17,0.2060749999999999
d05.SI,dbs,2023-04-18,0.5423
d05.SI,dbs,2023-04-19,0.2406349206349206
d05.SI,dbs,2023-03-03,0.0
d05.SI,dbs,2023-03-09,0.0
d05.SI,dbs,2023-03-12,0.0
d05.SI,dbs,2023-03-19,0.0
d05.SI,dbs,2023-04-01,0.0
d05.SI,dbs,2023-04-07,0.0
d05.SI,dbs,2023-04-08,0.0
d05.SI,dbs,2023-03-05,0.6369
d05.SI,dbs,2023-03-06,0.5574
d05.SI,dbs,2023-03-20,0.5574
d05.SI,dbs,2023-03-25,0.5574
d05.SI,dbs,2023-03-28,0.5574
d05.SI,dbs,2023-04-02,0.5574
A17U.SI,ascendas,2023-02-25,0.2732
A17U.SI,ascendas,2023-03-06,0.1027
A17U.SI,ascendas,2023-04-07,-0.4215
A17U.SI,ascendas,2023-02-18,0.0
A17U.SI,ascendas,2023-02-19,0.0
A17U.SI,ascendas,2023-02-20,0.0
A17U.SI,ascendas,2023-02-21,0.0
A17U.SI,ascendas,2023-02-22,0.0
A17U.SI,ascendas,2023-02-23,0.0
A17U.SI,ascendas,2023-02-24,0.0
A17U.SI,ascendas,2023-02-26,0.0
A17U.SI,ascendas,2023-02-27,0.0
A17U.SI,ascendas,2023-02-28,0.0
A17U.SI,ascendas,2023-03-01,0.0
A17U.SI,ascendas,2023-03-02,0.0
A17U.SI,ascendas,2023-03-03,0.0
A17U.SI,ascendas,2023-03-05,0.0
A17U.SI,ascendas,2023-03-07,0.0
A17U.SI,ascendas,2023-03-08,0.0
A17U.SI,ascendas,2023-03-09,0.0
A17U.SI,ascendas,2023-03-10,0.0
A17U.SI,ascendas,2023-03-11,0.0
A17U.SI,ascendas,2023-03-12,0.0
A17U.SI,ascendas,2023-03-13,0.0
A17U.SI,ascendas,2023-03-14,0.0
A17U.SI,ascendas,2023-03-15,0.0
A17U.SI,ascendas,2023-03-16,0.0
A17U.SI,ascendas,2023-03-17,0.0
A17U.SI,ascendas,2023-03-18,0.0
A17U.SI,ascendas,2023-03-19,0.0
A17U.SI,ascendas,2023-03-20,0.0
A17U.SI,ascendas,2023-03-21,0.0
A17U.SI,ascendas,2023-03-22,0.0
A17U.SI,ascendas,2023-03-23,0.0
A17U.SI,ascendas,2023-03-24,0.0
A17U.SI,ascendas,2023-03-25,0.0
A17U.SI,ascendas,2023-03-26,0.0
A17U.SI,ascendas,2023-03-27,0.0
A17U.SI,ascendas,2023-03-28,0.0
A17U.SI,ascendas,2023-03-29,0.0
A17U.SI,ascendas,2023-03-30,0.0
A17U.SI,ascendas,2023-03-31,0.0
A17U.SI,ascendas,2023-04-01,0.0
A17U.SI,ascendas,2023-04-02,0.0
A17U.SI,ascendas,2023-04-03,0.0
A17U.SI,ascendas,2023-04-04,0.0
A17U.SI,ascendas,2023-04-05,0.0
A17U.SI,ascendas,2023-04-06,0.0
A17U.SI,ascendas,2023-04-08,0.0
A17U.SI,ascendas,2023-04-09,0.0
A17U.SI,ascendas,2023-04-10,0.0
A17U.SI,ascendas,2023-04-11,0.0
A17U.SI,ascendas,2023-04-12,0.0
A17U.SI,ascendas,2023-04-13,0.0
A17U.SI,ascendas,2023-04-14,0.0
A17U.SI,ascendas,2023-04-15,0.0
A17U.SI,ascendas,2023-04-16,0.0
A17U.SI,ascendas,2023-04-17,0.0
A17U.SI,ascendas,2023-04-18,0.0
A17U.SI,ascendas,2023-04-19,0.0
A17U.SI,ascendas,2023-03-04,0.4215
C38U.SI,capitaland,2023-02-23,0.25
C38U.SI,capitaland,2023-02-28,0.8225
C38U.SI,capitaland,2023-03-04,0.6597
C38U.SI,capitaland,2023-03-05,0.6249
C38U.SI,capitaland,2023-03-07,0.6908
C38U.SI,capitaland,2023-03-09,0.7783
C38U.SI,capitaland,2023-03-17,0.2492071428571428
C38U.SI,capitaland,2023-03-18,0.4019
C38U.SI,capitaland,2023-03-19,0.3818
C38U.SI,capitaland,2023-03-20,0.22388
C38U.SI,capitaland,2023-03-23,0.43254
C38U.SI,capitaland,2023-03-30,0.9509
C38U.SI,capitaland,2023-04-03,0.7717
C38U.SI,capitaland,2023-04-05,0.6249
C38U.SI,capitaland,2023-04-06,0.8591000000000001
C38U.SI,capitaland,2023-04-07,0.5106
C38U.SI,capitaland,2023-04-10,-0.1027
C38U.SI,capitaland,2023-04-13,0.765
C38U.SI,capitaland,2023-04-17,-0.4404
C38U.SI,capitaland,2023-04-19,0.5859
C38U.SI,capitaland,2023-02-18,0.0
C38U.SI,capitaland,2023-02-19,0.0
C38U.SI,capitaland,2023-02-20,0.0
C38U.SI,capitaland,2023-02-21,0.0
C38U.SI,capitaland,2023-02-22,0.0
C38U.SI,capitaland,2023-02-24,0.0
C38U.SI,capitaland,2023-02-25,0.0
C38U.SI,capitaland,2023-02-26,0.0
C38U.SI,capitaland,2023-02-27,0.0
C38U.SI,capitaland,2023-03-01,0.0
C38U.SI,capitaland,2023-03-02,0.0
C38U.SI,capitaland,2023-03-03,0.0
C38U.SI,capitaland,2023-03-06,0.0
C38U.SI,capitaland,2023-03-08,0.0
C38U.SI,capitaland,2023-03-10,0.0
C38U.SI,capitaland,2023-03-11,0.0
C38U.SI,capitaland,2023-03-12,0.0
C38U.SI,capitaland,2023-03-13,0.0
C38U.SI,capitaland,2023-03-14,0.0
C38U.SI,capitaland,2023-03-15,0.0
C38U.SI,capitaland,2023-03-16,0.0
C38U.SI,capitaland,2023-03-22,0.0
C38U.SI,capitaland,2023-03-24,0.0
C38U.SI,capitaland,2023-03-25,0.0
C38U.SI,capitaland,2023-03-26,0.0
C38U.SI,capitaland,2023-03-27,0.0
C38U.SI,capitaland,2023-03-28,0.0
C38U.SI,capitaland,2023-03-29,0.0
C38U.SI,capitaland,2023-03-31,0.0
C38U.SI,capitaland,2023-04-01,0.0
C38U.SI,capitaland,2023-04-02,0.0
C38U.SI,capitaland,2023-04-04,0.0
C38U.SI,capitaland,2023-04-08,0.0
C38U.SI,capitaland,2023-04-09,0.0
C38U.SI,capitaland,2023-04-11,0.0
C38U.SI,capitaland,2023-04-12,0.0
C38U.SI,capitaland,2023-04-14,0.0
C38U.SI,capitaland,2023-04-15,0.0
C38U.SI,capitaland,2023-04-16,0.0
C38U.SI,capitaland,2023-04-18,0.0
C38U.SI,capitaland,2023-03-21,0.296
SE,garena,2023-04-20,0.1611444444
SE,shopee,2023-04-20,0.28823125
GRAB,grab,2023-04-20,0.4525351648
039.SI,ocbc,2023-04-20,-0.2949210526
BN4.SI,keppel,2023-04-20,0.22025384620000002
C07.SI,jardine,2023-04-20,0.22642307690000002
C6L.SI,singapore airlines,2023-04-20,0.0476623762
F34.SI,wilmar,2023-04-20,0.4143157068
G07.SI,great eastern,2023-04-20,0.6624643533
G13.SI,genting,2023-04-20,0.1705826087
S63.SI,st engineering,2023-04-20,0.33784210530000003
U11.SI,uob,2023-04-20,0.38219090910000003
Z74.SI,singtel,2023-04-20,0.1481096154
d05.SI,dbs,2023-04-20,0.24426000000000003
A17U.SI,ascendas,2023-04-20,0.0
C38U.SI,capitaland,2023-04-20,0.4041055556
